doi,script,error,library
doi:10.7910/DVN/XRR0HM,lda_analysis.R,Error in library(preText): there is no package called ‘preText’,preText
doi:10.7910/DVN/XRR0HM,preprocess_data_and_generate_pretext_results.R,Error in library(preText): there is no package called ‘preText’,preText
doi:10.7910/DVN/XRR0HM,wordfish_analysis.R,Error in library(preText): there is no package called ‘preText’,preText
doi:10.7910/DVN/XRR0HM,wordfish_model_averaging.R,Error in library(preText): there is no package called ‘preText’,preText
doi:10.7910/DVN/RFECVH,analysis_study123.R,Error in library(commarobust): there is no package called ‘commarobust’,commarobust
doi:10.7910/DVN/G8AF5G,10%20-%20Table%20A7%20%28Civil%20War%20Countries%20Only%20Robustness%29.R,Error in library(RArcInfo): there is no package called ‘RArcInfo’,RArcInfo
doi:10.7910/DVN/G8AF5G,11%20-%20Table%20A8%20%28Country%20Size%20Robustness%29.R,Error in library(RArcInfo): there is no package called ‘RArcInfo’,RArcInfo
doi:10.7910/DVN/G8AF5G,12%20-%20Table%20A9%20%28Alternative%20NTL%20Robustness%29.R,Error in library(RArcInfo): there is no package called ‘RArcInfo’,RArcInfo
doi:10.7910/DVN/G8AF5G,13%20-%20Table%20A10%20%28Sqaured%20Term%20Robustness%29.R,Error in library(RArcInfo): there is no package called ‘RArcInfo’,RArcInfo
doi:10.7910/DVN/G8AF5G,14%20-%20Table%20A11%20%28NTL%20Normalized%20PC%20Robustness%29.R,Error in library(RArcInfo): there is no package called ‘RArcInfo’,RArcInfo
doi:10.7910/DVN/G8AF5G,15a%20-%20Table%20A12%20District%20Robustness%20-%20Average%29.R,Error in library(RArcInfo): there is no package called ‘RArcInfo’,RArcInfo
doi:10.7910/DVN/G8AF5G,15b%20-%20Table%20A12%20%28District%20Robustness%20-%20Total%29.R,Error in library(RArcInfo): there is no package called ‘RArcInfo’,RArcInfo
doi:10.7910/DVN/G8AF5G,16%20-%20Table%20A13%20%28Sqaured%20Term%20Robustness%20-%20District%29.R,Error in library(RArcInfo): there is no package called ‘RArcInfo’,RArcInfo
doi:10.7910/DVN/G8AF5G,17%20-%20Table%20A14%20%28Grid%20Cell%20RE%20Robustness%29.R,Error in library(glmmADMB): there is no package called ‘glmmADMB’,glmmADMB
doi:10.7910/DVN/G8AF5G,18%20-%20Table%20A15%20%28Country%20RE%20Robustness%29.R,Error in library(glmmADMB): there is no package called ‘glmmADMB’,glmmADMB
doi:10.7910/DVN/G8AF5G,19%20-%20Table%20A16%20%28Andhra%20Pradesh%20Validation%29.R,Error in library(RArcInfo): there is no package called ‘RArcInfo’,RArcInfo
doi:10.7910/DVN/G8AF5G,2%20-%20Table%201%20%28Country%20Level%29.R,Error in library(RArcInfo): there is no package called ‘RArcInfo’,RArcInfo
doi:10.7910/DVN/G8AF5G,20%20-%20Table%20A17-A19%20and%20Figure%20A4%20%28Forecasting%20Civil%20War%20Onset%29.R,Error in library(RArcInfo): there is no package called ‘RArcInfo’,RArcInfo
doi:10.7910/DVN/G8AF5G,3%20-%20Table%202%20%28Subnational%20Level%29.R,Error in library(RArcInfo): there is no package called ‘RArcInfo’,RArcInfo
doi:10.7910/DVN/G8AF5G,4%20-%20Table%203%20%28SPWl%29.R,Error in library(RArcInfo): there is no package called ‘RArcInfo’,RArcInfo
doi:10.7910/DVN/G8AF5G,5%20-%20Figure%20A3%20%28PP%20Country%29.R,Error in library(RArcInfo): there is no package called ‘RArcInfo’,RArcInfo
doi:10.7910/DVN/G8AF5G,6%20-%20Table%20A3%20%28Baseline%20Models%20Robustness%29.R,Error in library(RArcInfo): there is no package called ‘RArcInfo’,RArcInfo
doi:10.7910/DVN/G8AF5G,7%20-%20Table%20A4%20%28Urban%20Robustness%29.R,Error in library(RArcInfo): there is no package called ‘RArcInfo’,RArcInfo
doi:10.7910/DVN/G8AF5G,8%20-%20Table%20A5%20%28Spl%20Lag%20Onset%20Robustness%29.R,Error in library(RArcInfo): there is no package called ‘RArcInfo’,RArcInfo
doi:10.7910/DVN/G8AF5G,9%20-%20Table%20A6%20%28Military%20Exp%20Robustness%29.R,Error in library(RArcInfo): there is no package called ‘RArcInfo’,RArcInfo
doi:10.7910/DVN/XZ0IZE,%28RCODE%29_performance_to_promotion.R,Error in library(Cairo): there is no package called ‘Cairo’,Cairo
doi:10.7910/DVN/XZ0IZE,%28RCODE%29_produce_validation_data.R,Error in library(Cairo): there is no package called ‘Cairo’,Cairo
doi:10.7910/DVN/EHVYNN,data_management.R,Error in library(xlsx): there is no package called ‘xlsx’,xlsx
doi:10.7910/DVN/EHVYNN,Estimation_batch.R,Error in library(xlsx): there is no package called ‘xlsx’,xlsx
doi:10.7910/DVN/5JDXHS,LatinHypercubeSampling.R,Error in library(RNetLogo): there is no package called ‘RNetLogo’,RNetLogo
doi:10.7910/DVN/5JDXHS,Morris_screening.R,Error in library(RNetLogo): there is no package called ‘RNetLogo’,RNetLogo
doi:10.7910/DVN/5JDXHS,Morris_screeningALMP.R,Error in library(RNetLogo): there is no package called ‘RNetLogo’,RNetLogo
doi:10.7910/DVN/5JDXHS,simulations.R,Error in library(RNetLogo): there is no package called ‘RNetLogo’,RNetLogo
doi:10.7910/DVN/5JDXHS,sobol.R,Error in library(RNetLogo): there is no package called ‘RNetLogo’,RNetLogo
doi:10.7910/DVN/I8YHPT,MP%20Career.R,Error in library(dcolumn): there is no package called ‘dcolumn’,dcolumn
doi:10.7910/DVN/EDGRDC,data_management.R,Error in library(xlsx): there is no package called ‘xlsx’,xlsx
doi:10.7910/DVN/EDGRDC,Estimation_batch.R,Error in library(xlsx): there is no package called ‘xlsx’,xlsx
doi:10.7910/DVN/UAQZRO,replication_reny_newman_apsr.R,Error in library(simcf): there is no package called ‘simcf’,simcf
doi:10.7910/DVN/KERZQY,7b_location_extractor.R,Error in library("openNLP"): there is no package called ‘openNLP’,openNLP
doi:10.7910/DVN/5YB7KD,01%20Link_PM10.R,Error in library(zipcode): there is no package called ‘zipcode’,zipcode
doi:10.7910/DVN/5YB7KD,04%20Impute%20baseline%20Predictions.R,Error in library(HEIfunctions): there is no package called ‘HEIfunctions’,HEIfunctions
doi:10.7910/DVN/5YB7KD,05%20Merge%20baseline%20Predictions.R,Error in library(HEIfunctions): there is no package called ‘HEIfunctions’,HEIfunctions
doi:10.7910/DVN/UPMOHW,01.Figure2.R,Error in library(SDMTools): there is no package called ‘SDMTools’,SDMTools
doi:10.7910/DVN/UK0PZU,ch7.R,Error in library(userfriendlyscience): there is no package called ‘userfriendlyscience’,userfriendlyscience
doi:10.7910/DVN/0YUSTJ,02-analyses_figures.R,Error in library(Cairo): there is no package called ‘Cairo’,Cairo
doi:10.7910/DVN/5E1PNE,Safarpour_Hanmer_2020_Replication_Code.R,Error in library(zeligverse): there is no package called ‘zeligverse’,zeligverse
doi:10.7910/DVN/44XF6M,replication170321.R,Error in library(ZeligChoice): there is no package called ‘ZeligChoice’,ZeligChoice
doi:10.7910/DVN/35IV23,META_multilevel_suicide.R,Error in FUN(X[[i]], ...): there is no package called ‘fst’,fst
doi:10.7910/DVN/HGIHGC,confirmatory%20study%20analyses.R,Error in library(RSA): there is no package called ‘RSA’,RSA
doi:10.7910/DVN/1LAK3R,naes_ft.r,Error in library(cem): there is no package called ‘cem’,cem
doi:10.7910/DVN/WNMLPA,01_MainAnalysis.R,Error in library(cem): there is no package called ‘cem’,cem
doi:10.7910/DVN/F1CFFM,coppock_generalizability_analysis.R,Error in library(commarobust): there is no package called ‘commarobust’,commarobust
doi:10.7910/DVN/F1CFFM,coppock_generalizability_appendix.R,Error in library(commarobust): there is no package called ‘commarobust’,commarobust
doi:10.7910/DVN/F1CFFM,coppock_generalizability_figures.R,Error in library(commarobust): there is no package called ‘commarobust’,commarobust
doi:10.7910/DVN/F1CFFM,coppock_generalizability_table.R,Error in library(commarobust): there is no package called ‘commarobust’,commarobust
doi:10.7910/DVN/NGTWWJ,MatchingPCPercCode.R,Error in library(SDMTools): there is no package called ‘SDMTools’,SDMTools
doi:10.7910/DVN/8OKVHY,mdr_politicization_jop_mission_coding.R,Error in library(xlsx): there is no package called ‘xlsx’,xlsx
doi:10.7910/DVN/A84A9E,R%20codes.R,Error in library(QMSS): there is no package called ‘QMSS’,QMSS
doi:10.7910/DVN/QE6ERU,AIMEnduse_CGE.R,Error in library(gdxrrw): there is no package called ‘gdxrrw’,gdxrrw
doi:10.7910/DVN/N1JX6Y,replication_script_Dasgupta_Kapur_APSR_v1.R,Error in loadNamespace(name): there is no package called ‘SnowballC’,SnowballC
doi:10.7910/DVN/SNQG8P,naes_ft.r,Error in library(cem): there is no package called ‘cem’,cem
doi:10.7910/DVN/DI5O9H,CCHW_RunFile.R,Error in library(tnam): there is no package called ‘tnam’,tnam
doi:10.7910/DVN/EIAS5S,internet_patent.R,Error in library(xlsxjars): there is no package called ‘xlsxjars’,xlsxjars
doi:10.7910/DVN/NOYBCQ,replication.R,Error in library(cem): there is no package called ‘cem’,cem
doi:10.7910/DVN/MHE2PO,cvasmi_ii.r,Error in library(xlsx): there is no package called ‘xlsx’,xlsx
doi:10.7910/DVN/S3NA6K,Appendix%20tables.R,Error in library(ZeligGAM): there is no package called ‘ZeligGAM’,ZeligGAM
doi:10.7910/DVN/S3NA6K,GAM%20models.R,Error in library(ZeligGAM): there is no package called ‘ZeligGAM’,ZeligGAM
doi:10.7910/DVN/S3NA6K,Tables%201%20and%202.R,Error in library(ZeligGAM): there is no package called ‘ZeligGAM’,ZeligGAM
doi:10.7910/DVN/ELZZ8V,2Analysis_stm_preprobust.R,Error in library(preText): there is no package called ‘preText’,preText
doi:10.7910/DVN/3HDSM8,Partisan_Ties_of_Lobbying_Firms_2019-08-27.R,Error in library(KBAL): there is no package called ‘KBAL’,KBAL
doi:10.7910/DVN/C2QO6J,kimpelc_psrm_appendix_figure.R,Error in loadNamespace(name): there is no package called ‘mapproj’,mapproj
doi:10.7910/DVN/C2QO6J,kimpelc_psrm_figure.R,Error in loadNamespace(name): there is no package called ‘mapproj’,mapproj
doi:10.7910/DVN/UO5WQ4,Sensitivity%20Analysis%20for%20FIGURE%201_v7.R,Error in library(treatSens): there is no package called ‘treatSens’,treatSens
doi:10.7910/DVN/UO5WQ4,Sensitivity%20Analysis%20for%20FIGURE%202_v7.R,Error in library(treatSens): there is no package called ‘treatSens’,treatSens
doi:10.7910/DVN/64PBG7,2%20-%20Latent%20Space%20Plots%20plus%20Normalized%20Distance.R,Error in library(Cairo): there is no package called ‘Cairo’,Cairo
doi:10.7910/DVN/64PBG7,baseline-eigen.R,Error in library(lib, character.only = TRUE): there is no package called ‘Cairo’,__UNDEFINED__
doi:10.7910/DVN/ZLEFIB,mcalexander_mentch_rf_replication.R,Error in library(surfin): there is no package called ‘surfin’,surfin
doi:10.7910/DVN/FV7UOH,gom_fit.R,Error in library(nomep): there is no package called ‘nomep’,nomep
doi:10.7910/DVN/ZBRTJH,Table2Sim1kLoadModules.R,Error in library(Rmpi): there is no package called ‘Rmpi’,Rmpi
doi:10.7910/DVN/ZBRTJH,Table2Sim2kLoadModules.R,Error in library(Rmpi): there is no package called ‘Rmpi’,Rmpi
doi:10.7910/DVN/ZBRTJH,Table2Sim3kLoadModules.R,Error in library(Rmpi): there is no package called ‘Rmpi’,Rmpi
doi:10.7910/DVN/ZBRTJH,Table2Sim4kLoadModules.R,Error in library(Rmpi): there is no package called ‘Rmpi’,Rmpi
doi:10.7910/DVN/ZBRTJH,Table2Sim5kLoadModules.R,Error in library(Rmpi): there is no package called ‘Rmpi’,Rmpi
doi:10.7910/DVN/LTF688,observational%20data%20replication%20code.R,Error in library(ZeligChoice): there is no package called ‘ZeligChoice’,ZeligChoice
doi:10.7910/DVN/LNUYXZ,uds.R,Error in FUN(X[[i]], ...): there is no package called ‘uds’,uds
doi:10.7910/DVN/XAQMIA,TrainsAccountability_Replication_180215.R,Error in library(MBTAr): there is no package called ‘MBTAr’,MBTAr
doi:10.7910/DVN/RXMV9W,Descriptives.R,Error in library(tile): there is no package called ‘tile’,tile
doi:10.7910/DVN/RXMV9W,Model1.R,Error in library(tile): there is no package called ‘tile’,tile
doi:10.7910/DVN/RXMV9W,Model2.R,Error in library(tile): there is no package called ‘tile’,tile
doi:10.7910/DVN/RXMV9W,Model3.R,Error in library(tile): there is no package called ‘tile’,tile
doi:10.7910/DVN/RXMV9W,Model4.R,Error in library(tile): there is no package called ‘tile’,tile
doi:10.7910/DVN/RXMV9W,Model5.R,Error in library(tile): there is no package called ‘tile’,tile
doi:10.7910/DVN/FHTQL5,Replication%20Files%20Party%20Politics.R,Error in library(xlsx): there is no package called ‘xlsx’,xlsx
doi:10.7910/DVN/PTPGED,RunGenomeBasedModel.R,Error in library(GenomeBasedModel): there is no package called ‘GenomeBasedModel’,GenomeBasedModel
doi:10.7910/DVN/1WDJVC,MRP_CCES2014.R,Error in library(mrp): there is no package called ‘mrp’,mrp
doi:10.7910/DVN/EYME7H,3_Replication_Code_GSOEP.R,Error in library(lfe): there is no package called ‘lfe’,lfe
doi:10.7910/DVN/FZKUGL,code%20for%20matching.R,Error in library(cem): there is no package called ‘cem’,cem
doi:10.7910/DVN/FRBXQW,main_study_replication.R,Error in library(commarobust): there is no package called ‘commarobust’,commarobust
doi:10.7910/DVN/OUAYYH,tolerance_protest_metro_replication_code.R,Error in library(choroplethrZip): there is no package called ‘choroplethrZip’,choroplethrZip
doi:10.7910/DVN/FYQWMS,analysis_main-1.R,Error in library(Cairo): there is no package called ‘Cairo’,Cairo
doi:10.7910/DVN/FYQWMS,analysis_stackdata-1.R,Error in library(Cairo): there is no package called ‘Cairo’,Cairo
doi:10.7910/DVN/FYQWMS,raking-1.R,Error in library(Cairo): there is no package called ‘Cairo’,Cairo
doi:10.7910/DVN/6BPQQ7,Co%CC%82te%CC%81%20and%20He%20-%20Self-Enhancement%20-%20Code%20for%20Analysis.R,Error in library(RSA): there is no package called ‘RSA’,RSA
doi:10.7910/DVN/PHUSUM,MGAR%20Duration%20Undirected.R,Error in library(nmisc): there is no package called ‘nmisc’,nmisc
doi:10.7910/DVN/XFQZI2,Condemnation.R,Error in loadNamespace(name): there is no package called ‘rgenoud’,rgenoud
doi:10.7910/DVN/3RNFFH,Full%20Analysis%20Replication%20File.R,Error in library(reptree): there is no package called ‘reptree’,reptree
doi:10.7910/DVN/UX39M4,replication_code.R,Error in library(simcf): there is no package called ‘simcf’,simcf
doi:10.7910/DVN/A3M7PY,FigureA2.R,Error in library(zipcode): there is no package called ‘zipcode’,zipcode
doi:10.7910/DVN/J4WZGT,Graphs.R,Error in library(ggplot, foreign, plyr, reshape2, readxl, readstata14, : object 'reshape2' not found,reshape2
doi:10.7910/DVN/VSVBTP,analysis.R,Error in library(Cairo): there is no package called ‘Cairo’,Cairo
doi:10.7910/DVN/PFSCIY,gom_fit.R,Error in library(nomep): there is no package called ‘nomep’,nomep
doi:10.7910/DVN/UTJGTF,analysis.R,Error in library("xergm"): there is no package called ‘xergm’,xergm
doi:10.7910/DVN/Q1VWG4,R_syntax.R,Error in library("zeligverse"): there is no package called ‘zeligverse’,zeligverse
doi:10.7910/DVN/5UVZOS,2008%20%26%202012%20Subgroup%20Power%20Analyses.R,Error in library(zeligverse): there is no package called ‘zeligverse’,zeligverse
doi:10.7910/DVN/5UVZOS,2008%20African%20American%20LE%20%28models%29.R,Error in library(zeligverse): there is no package called ‘zeligverse’,zeligverse
doi:10.7910/DVN/5UVZOS,2008%20ANOVA%20tests-for-balance.R,Error in library(zeligverse): there is no package called ‘zeligverse’,zeligverse
doi:10.7910/DVN/5UVZOS,2008%20Gay-or-Homosexual%20LE%20%28models%29.R,Error in library(zeligverse): there is no package called ‘zeligverse’,zeligverse
doi:10.7910/DVN/5UVZOS,2008%20General%20Prejudice%20%28Point%20Estimates%29.R,Error in library(zeligverse): there is no package called ‘zeligverse’,zeligverse
doi:10.7910/DVN/5UVZOS,2008%20Muslims%20LE%20%28models%29.R,Error in library(zeligverse): there is no package called ‘zeligverse’,zeligverse
doi:10.7910/DVN/5UVZOS,2008%20Point%20Estimates%20%28Full%20Samples%29.R,Error in library(zeligverse): there is no package called ‘zeligverse’,zeligverse
doi:10.7910/DVN/5UVZOS,2008%20Woman%20LE%20%28models%29.R,Error in library(zeligverse): there is no package called ‘zeligverse’,zeligverse
doi:10.7910/DVN/5UVZOS,2012%20African%20American%20LE%20%28models%29.R,Error in library(zeligverse): there is no package called ‘zeligverse’,zeligverse
doi:10.7910/DVN/5UVZOS,2012%20ANOVA%20tests-for-balance.R,Error in library(zeligverse): there is no package called ‘zeligverse’,zeligverse
doi:10.7910/DVN/5UVZOS,2012%20Gay-or-Homosexual%20LE%20%28models%29.R,Error in library(zeligverse): there is no package called ‘zeligverse’,zeligverse
doi:10.7910/DVN/5UVZOS,2012%20General%20Prejudice%20%28Point%20Estimates%29.R,Error in library(zeligverse): there is no package called ‘zeligverse’,zeligverse
doi:10.7910/DVN/5UVZOS,2012%20Mormon%20LE%20%28models%29.R,Error in library(zeligverse): there is no package called ‘zeligverse’,zeligverse
doi:10.7910/DVN/5UVZOS,2012%20Muslims%20LE%20%28models%29.R,Error in library(zeligverse): there is no package called ‘zeligverse’,zeligverse
doi:10.7910/DVN/5UVZOS,2012%20Point%20Estimates%20%28Full%20Sample%29.R,Error in library(zeligverse): there is no package called ‘zeligverse’,zeligverse
doi:10.7910/DVN/5UVZOS,Figure%201%20%28Design%20Effects%20Tests%29.R,Error in library(zeligverse): there is no package called ‘zeligverse’,zeligverse
doi:10.7910/DVN/5UVZOS,Figures%202%2C%203%2C%204%20%28Point%20Estimates%29.R,Error in library(zeligverse): there is no package called ‘zeligverse’,zeligverse
doi:10.7910/DVN/5UVZOS,Models%20%28Online%20Appendix%29.R,Error in library(zeligverse): there is no package called ‘zeligverse’,zeligverse
doi:10.7910/DVN/GQHURF,public.R,Error in library(xlsxjars): there is no package called ‘xlsxjars’,xlsxjars
doi:10.7910/DVN/QQHBHY,competitor_sims.R,Error in library(predictionError): there is no package called ‘predictionError’,predictionError
doi:10.7910/DVN/QQHBHY,er_sims.R,Error in library(predictionError): there is no package called ‘predictionError’,predictionError
doi:10.7910/DVN/QQHBHY,lef_competitor_sims.R,Error in library(predictionError): there is no package called ‘predictionError’,predictionError
doi:10.7910/DVN/QQHBHY,main_sims.R,Error in library(predictionError): there is no package called ‘predictionError’,predictionError
doi:10.7910/DVN/QQHBHY,reddit_application.R,Error in library(predictionError): there is no package called ‘predictionError’,predictionError
doi:10.7910/DVN/QQHBHY,reddit_sims.R,Error in library(predictionError): there is no package called ‘predictionError’,predictionError
doi:10.7910/DVN/XRJ43D,RR-AJPS-data-prep.r,Error in library(SDMTools): there is no package called ‘SDMTools’,SDMTools
doi:10.7910/DVN/XRJ43D,RR-AJPS-figure-1.R,Error in library(SDMTools): there is no package called ‘SDMTools’,SDMTools
doi:10.7910/DVN/XRJ43D,RR-AJPS-figure-2.R,Error in library(SDMTools): there is no package called ‘SDMTools’,SDMTools
doi:10.7910/DVN/XRJ43D,RR-AJPS-figure-3.R,Error in library(SDMTools): there is no package called ‘SDMTools’,SDMTools
doi:10.7910/DVN/XRJ43D,RR-AJPS-figure-A1.R,Error in library(SDMTools): there is no package called ‘SDMTools’,SDMTools
doi:10.7910/DVN/XRJ43D,RR-AJPS-table-2.R,Error in library(SDMTools): there is no package called ‘SDMTools’,SDMTools
doi:10.7910/DVN/XRJ43D,RR-AJPS-table-A1.R,Error in library(SDMTools): there is no package called ‘SDMTools’,SDMTools
doi:10.7910/DVN/XRJ43D,RR-AJPS-table-A10-A11.R,Error in library(SDMTools): there is no package called ‘SDMTools’,SDMTools
doi:10.7910/DVN/XRJ43D,RR-AJPS-table-A12-A13.R,Error in library(SDMTools): there is no package called ‘SDMTools’,SDMTools
doi:10.7910/DVN/XRJ43D,RR-AJPS-table-A14.R,Error in library(SDMTools): there is no package called ‘SDMTools’,SDMTools
doi:10.7910/DVN/XRJ43D,RR-AJPS-table-A15.R,Error in library(SDMTools): there is no package called ‘SDMTools’,SDMTools
doi:10.7910/DVN/XRJ43D,RR-AJPS-table-A16.R,Error in library(SDMTools): there is no package called ‘SDMTools’,SDMTools
doi:10.7910/DVN/XRJ43D,RR-AJPS-table-A17.R,Error in library(SDMTools): there is no package called ‘SDMTools’,SDMTools
doi:10.7910/DVN/XRJ43D,RR-AJPS-table-A2.R,Error in library(SDMTools): there is no package called ‘SDMTools’,SDMTools
doi:10.7910/DVN/XRJ43D,RR-AJPS-table-A3-A9.R,Error in library(SDMTools): there is no package called ‘SDMTools’,SDMTools
doi:10.7910/DVN/CLMQ8E,04_fig3a_b.R,Error in library(goji): there is no package called ‘goji’,goji
doi:10.7910/DVN/CLMQ8E,05_fig4a_b.R,Error in library(goji): there is no package called ‘goji’,goji
doi:10.7910/DVN/CLMQ8E,06_fig5a_b.R,Error in library(goji): there is no package called ‘goji’,goji
doi:10.7910/DVN/JDH6KR,PSRM-Replication.R,Error in library(RWeka): there is no package called ‘RWeka’,RWeka
doi:10.7910/DVN/DZ7JLC,Calibration.R,Error in library(QCAGUI): there is no package called ‘QCAGUI’,QCAGUI
doi:10.7910/DVN/DZ7JLC,QCA.R,Error in library(QCAGUI): there is no package called ‘QCAGUI’,QCAGUI
doi:10.7910/DVN/DZ7JLC,Robustcooptation.R,Error in library(QCAGUI): there is no package called ‘QCAGUI’,QCAGUI
doi:10.7910/DVN/DZ7JLC,Robustlegitimation.R,Error in library(QCAGUI): there is no package called ‘QCAGUI’,QCAGUI
doi:10.7910/DVN/DZ7JLC,Robustrepression.R,Error in library(QCAGUI): there is no package called ‘QCAGUI’,QCAGUI
doi:10.7910/DVN/EZDWZH,CJPS_Schimpf_Replication_DataPrep1_20190107.R,Error in library(p, character.only = T): there is no package called ‘ZeligChoice’,__UNDEFINED__
doi:10.7910/DVN/EZDWZH,CJPS_Schimpf_Replication_MasterFile.R,Error in library(p, character.only = T): there is no package called ‘ZeligChoice’,__UNDEFINED__
doi:10.7910/DVN/ZLGGEG,replication_figs1-3.R,Error in library(xlsx): there is no package called ‘xlsx’,xlsx
doi:10.7910/DVN/ZLGGEG,replication_figs4-8.R,Error in library(RArcInfo): there is no package called ‘RArcInfo’,RArcInfo
doi:10.7910/DVN/0LCHKX,01-literature-analysis.R,Error in library(coefplot2): there is no package called ‘coefplot2’,coefplot2
doi:10.7910/DVN/0LCHKX,02-descriptives.R,Error in library(coefplot2): there is no package called ‘coefplot2’,coefplot2
doi:10.7910/DVN/0LCHKX,03-effects-analysis.R,Error in library(coefplot2): there is no package called ‘coefplot2’,coefplot2
doi:10.7910/DVN/0LCHKX,04-effects-heterogeneity.R,Error in library(coefplot2): there is no package called ‘coefplot2’,coefplot2
doi:10.7910/DVN/0LCHKX,05-profile-compliers.R,Error in library(coefplot2): there is no package called ‘coefplot2’,coefplot2
doi:10.7910/DVN/0LCHKX,packages.R,Error in library(coefplot2): there is no package called ‘coefplot2’,coefplot2
doi:10.7910/DVN/YHJUCJ,2.Genderize_Rcode_unlimited_batch_query.R,Error in library(genderizeR): there is no package called ‘genderizeR’,genderizeR
doi:10.7910/DVN/3RA7YG,fig5_A-1_A-2.R,Error in library(xlsx): there is no package called ‘xlsx’,xlsx
doi:10.7910/DVN/3RA7YG,fig7.R,Error in library(xlsx): there is no package called ‘xlsx’,xlsx
doi:10.7910/DVN/3RA7YG,fig9_A-4.R,Error in library(xlsx): there is no package called ‘xlsx’,xlsx
doi:10.7910/DVN/3RA7YG,figA-3.R,Error in library(xlsx): there is no package called ‘xlsx’,xlsx
doi:10.7910/DVN/RGK5E1,Genderize_Rcode_unlimited_batch_query.R,Error in library(genderizeR): there is no package called ‘genderizeR’,genderizeR
doi:10.7910/DVN/Y0YCO9,replication.r,Error in library(Design): there is no package called ‘Design’,Design
doi:10.7910/DVN/TYSETW,Title%20VII%20Analysis%20-%20Congress%2C%2013%20state%20south.R,Error in library(mrpdata): there is no package called ‘mrpdata’,mrpdata
doi:10.7910/DVN/TYSETW,Title%20VII%20Analysis%20-%20Opinion.R,Error in library(mrpdata): there is no package called ‘mrpdata’,mrpdata
doi:10.7910/DVN/FFLQUK,monthly_analysis_template.R,Error in library(emo): there is no package called ‘emo’,emo
doi:10.7910/DVN/JV2PQS,match.R,Error in loadNamespace(name): there is no package called ‘rgenoud’,rgenoud
doi:10.7910/DVN/2QCPOI,__replic_2014_beps.R,Error in library(ZeligChoice): there is no package called ‘ZeligChoice’,ZeligChoice
doi:10.7910/DVN/2QCPOI,__replic_2014_ibope.R,Error in library(ZeligChoice): there is no package called ‘ZeligChoice’,ZeligChoice
doi:10.7910/DVN/V8U06V,ReplicationScript_JulieAnneWeaver_ElectoralDisconnection_Appendix.R,Error in library(rddtools): there is no package called ‘rddtools’,rddtools
doi:10.7910/DVN/GS8IFM,Visulization.R,Error in library(Cairo): there is no package called ‘Cairo’,Cairo
doi:10.7910/DVN/TALJOT,visibility.R,Error in library(glmmADMB): there is no package called ‘glmmADMB’,glmmADMB
doi:10.7910/DVN/TDVSY7,data%20processiong%20of%20gini.R,Error in library(xlsxjars): there is no package called ‘xlsxjars’,xlsxjars
doi:10.7910/DVN/HER2YX,replication_file_CPS_nostalgic_deprivation.R,Error in library(simcf): there is no package called ‘simcf’,simcf
doi:10.7910/DVN/2XMGXQ,CorseAnalysis.R,Error in library(xlsx): there is no package called ‘xlsx’,xlsx
doi:10.7910/DVN/SFYMSY,visualization.R,Error in library(Cairo): there is no package called ‘Cairo’,Cairo
doi:10.7910/DVN/3IC00L,repression_monthly_merge.R,Error in library(XLConnect): there is no package called ‘XLConnect’,XLConnect
doi:10.7910/DVN/MYDZNF,RUNME.R,Error in library(glmmADMB): there is no package called ‘glmmADMB’,glmmADMB
doi:10.7910/DVN/VNZWPQ,Finite_Sample.r,Error in library(doParallel): there is no package called ‘doParallel’,doParallel
doi:10.7910/DVN/VNZWPQ,Postprocessing_Effects.r,Error in library(doParallel): there is no package called ‘doParallel’,doParallel
doi:10.7910/DVN/VNZWPQ,Postprocessing_Mediators.r,Error in library(doParallel): there is no package called ‘doParallel’,doParallel
doi:10.7910/DVN/VNZWPQ,Postprocessing_PS.r,Error in library(doParallel): there is no package called ‘doParallel’,doParallel
doi:10.7910/DVN/VNZWPQ,SurfaceFrame2.r,Error in library(doParallel): there is no package called ‘doParallel’,doParallel
doi:10.7910/DVN/MCV1LU,political%20chameleons%20replication_study1.R,Error in library(ZeligChoice): there is no package called ‘ZeligChoice’,ZeligChoice
doi:10.7910/DVN/AB5XYQ,2019.11.25_script_1_Risk%20reduction.r,Error in library("xlsx"): there is no package called ‘xlsx’,xlsx
doi:10.7910/DVN/NZXCT9,replication_script_appendix.R,Error in library(pkg, character.only = TRUE): there is no package called ‘margins’,__UNDEFINED__
doi:10.7910/DVN/NZXCT9,replication_script_article.R,Error in library(pkg, character.only = TRUE): there is no package called ‘margins’,__UNDEFINED__
doi:10.7910/DVN/MTH58P,12%20Analyses_jan2019.R,Error in library(OasisR): there is no package called ‘OasisR’,OasisR
doi:10.7910/DVN/WA4RTQ,master_file.r,Error in library(starbility): there is no package called ‘starbility’,starbility
doi:10.7910/DVN/QEIICM,j_moscow_dta_cleaning.R,Error in library(xlsx): there is no package called ‘xlsx’,xlsx
doi:10.7910/DVN/QEIICM,l_region_dta_cleaning.R,Error in library(xlsx): there is no package called ‘xlsx’,xlsx
doi:10.7910/DVN/PZC0DM,SagarzazuKluever_Replication.R,Error in library(Design): there is no package called ‘Design’,Design
doi:10.7910/DVN/TDSJHE,Millerfigure.R,Error in library("plotrix", lib.loc = "F:/R/R-2.15.0/library"): no library trees found in 'lib.loc',plotrix
doi:10.7910/DVN/TDSJHE,Nelson_mturk_figure.R,Error in library("plotrix", lib.loc = "F:/R/R-2.15.0/library"): no library trees found in 'lib.loc',plotrix
doi:10.7910/DVN/TDSJHE,rubio_mturk_figure.R,Error in library("plotrix", lib.loc = "F:/R/R-2.15.0/library"): no library trees found in 'lib.loc',plotrix
doi:10.7910/DVN/BTKZEQ,cimi.analysis.R,Error in library(ZeligChoice): there is no package called ‘ZeligChoice’,ZeligChoice
doi:10.7910/DVN/BGHLAX,004_eudissent.R,Error in library(SDMTools): there is no package called ‘SDMTools’,SDMTools
doi:10.7910/DVN/WVBZNE,TableA15.R,Error in library(eiCompare): there is no package called ‘eiCompare’,eiCompare
doi:10.7910/DVN/RJW5VN,replicate_kneafsey_mueller_ijpas.R,Error in library(cem): there is no package called ‘cem’,cem
doi:10.7910/DVN/F8YTX2,alternateAnalysis.R,Error in library(XLConnect): there is no package called ‘XLConnect’,XLConnect
doi:10.7910/DVN/ZJGHKK,regression_models_bjpols.R,Error in library(summarytools): there is no package called ‘summarytools’,summarytools
doi:10.7910/DVN/NOMC0H,replication_cleaning_CTM.R,Error in library("quanteda.corpora"): there is no package called ‘quanteda.corpora’,quanteda.corpora
doi:10.7910/DVN/59NTIL,pejones_PB_IndivModels.R,Error in library(ZeligChoice): there is no package called ‘ZeligChoice’,ZeligChoice
doi:10.7910/DVN/OEZGVP,01_add_climate_indices.R,Error in library("gosset"): there is no package called ‘gosset’,gosset
doi:10.7910/DVN/OEZGVP,02_PL_model.R,Error in library("gosset"): there is no package called ‘gosset’,gosset
doi:10.7910/DVN/OEZGVP,GP_01_get_SNPs_BLUPs_H2.R,Error in library(sm): there is no package called ‘sm’,sm
doi:10.7910/DVN/OEZGVP,GP_03_derive_log_abilities_by_groups.R,Error in library(gosset): there is no package called ‘gosset’,gosset
doi:10.7910/DVN/OEZGVP,GP_04_perform_genomic_selection.R,Error in library(gosset): there is no package called ‘gosset’,gosset
doi:10.7910/DVN/HER2YX,replication_file_CPS_nostalgic_deprivation.R,Error in library(simcf): there is no package called ‘simcf’,simcf
doi:10.7910/DVN/2XMGXQ,CorseAnalysis.R,Error in library(xlsx): there is no package called ‘xlsx’,xlsx
doi:10.7910/DVN/SFYMSY,visualization.R,Error in library(Cairo): there is no package called ‘Cairo’,Cairo
doi:10.7910/DVN/YCXXCW,embtsPlot.r,Error in library(xlsx): there is no package called ‘xlsx’,xlsx
doi:10.7910/DVN/NEZ2DU,Replication_Kage_Rosenbluth_Tanaka_PRQ2021.R,Error in library(simcf): there is no package called ‘simcf’,simcf
doi:10.7910/DVN/KOKLPH,03_appendix.R,Error in library(ranger): there is no package called ‘ranger’,ranger
doi:10.7910/DVN/LHOTOK,Elite-Public%20Replication%202.R,Error in loadNamespace(name): there is no package called ‘snow’,snow
doi:10.7910/DVN/VLBOBH,Thesis_R.R,Error in library("xlsx"): there is no package called ‘xlsx’,xlsx
doi:10.7910/DVN/UW5CSR,RhetoricRadicalization.R,Error in library(coefplot2): there is no package called ‘coefplot2’,coefplot2
doi:10.7910/DVN/NRAQRH,PlotManufacturing.R,Error in library(RArcInfo): there is no package called ‘RArcInfo’,RArcInfo
doi:10.7910/DVN/BSUNGB,Stage%201%20%E2%80%93%20fourth%20pilot%20%E2%80%93%20code%20for%20analysis.R%20,Error in library(RSA): there is no package called ‘RSA’,RSA
doi:10.7910/DVN/BSUNGB,Stage%202%20-%20Code%20for%20Analysis.R,Error in library(RSA): there is no package called ‘RSA’,RSA
doi:10.7910/DVN/BT7OZQ,001_balance_ego.R,Error in library(Cairo): there is no package called ‘Cairo’,Cairo
doi:10.7910/DVN/BT7OZQ,003_balance_socio.R,Error in library(Cairo): there is no package called ‘Cairo’,Cairo
doi:10.7910/DVN/BT7OZQ,006_unmeasured_covariates.R,Error in library(Cairo): there is no package called ‘Cairo’,Cairo
doi:10.7910/DVN/UJE5AS,MTurkRepublicans.R,Error in library(xlsx): there is no package called ‘xlsx’,xlsx
doi:10.7910/DVN/DAE3PG,MicroStats.R,Error in library(gregmisc): there is no package called ‘gregmisc’,gregmisc
doi:10.7910/DVN/QUGW8V,1_character_gender.R,Error in library(strin): there is no package called ‘strin’,strin
doi:10.7910/DVN/JE6R2R,ricearea_by_month.R,Error in library(manipulateR): there is no package called ‘manipulateR’,manipulateR
doi:10.7910/DVN/TWHEZ9,Campbell_Detecting_PA_2018_Run.R,Error in library(egoTERGM): there is no package called ‘egoTERGM’,egoTERGM
doi:10.7910/DVN/HMVALS,1_main_results.R,Error in library(lib, character.only = TRUE): there is no package called ‘spdep’,__UNDEFINED__
doi:10.7910/DVN/HMVALS,3_robustness_check.R,Error in library(cem): there is no package called ‘cem’,cem
doi:10.7910/DVN/SN3XAM,COVID_sciencedv_replication_graphs.R,Error in library(zipcode): there is no package called ‘zipcode’,zipcode
doi:10.7910/DVN/SN3XAM,COVID_sciencedv_replication_regressions.R,Error in library(zipcode): there is no package called ‘zipcode’,zipcode
doi:10.7910/DVN/PJTOCG,Thomann%202018_chapter%205_170104.R,Error in library(QCAGUI): there is no package called ‘QCAGUI’,QCAGUI
doi:10.7910/DVN/FYJ6YT,space_answers.R,Error in library("stringr", lib.loc = "/Library/Frameworks/R.framework/Versions/3.2/Resources/library"): no library trees found in 'lib.loc',stringr
doi:10.7910/DVN/FYJ6YT,time_answers.R,Error in library("stringr", lib.loc = "/Library/Frameworks/R.framework/Versions/3.2/Resources/library"): no library trees found in 'lib.loc',stringr
doi:10.7910/DVN/FYJ6YT,time_RT.R,Error in library("stringr", lib.loc = "/Library/Frameworks/R.framework/Versions/3.2/Resources/library"): no library trees found in 'lib.loc',stringr
doi:10.7910/DVN/IUB62M,appendix_alt_specs.R,Error in library(simcf): there is no package called ‘simcf’,simcf
doi:10.7910/DVN/IUB62M,appendix_disc_ncps.R,Error in library(simcf): there is no package called ‘simcf’,simcf
doi:10.7910/DVN/IUB62M,appendix_index_items.R,Error in library(simcf): there is no package called ‘simcf’,simcf
doi:10.7910/DVN/IUB62M,descriptives.R,Error in library(simcf): there is no package called ‘simcf’,simcf
doi:10.7910/DVN/IUB62M,JoP_Targeted.R,Error in library(simcf): there is no package called ‘simcf’,simcf
doi:10.7910/DVN/NMJ4W9,10_opt_kom_plot.R,Error in library(xlsx): there is no package called ‘xlsx’,xlsx
doi:10.7910/DVN/1GHCOT,EP%20and%20Volatility%20Replication.R,Error in library(rstanmulticore): there is no package called ‘rstanmulticore’,rstanmulticore
doi:10.7910/DVN/GJIBCB,Survey_Experiment_Replication_1.R,Error in library(SDMTools): there is no package called ‘SDMTools’,SDMTools
doi:10.7910/DVN/QB1TUJ,%28RCODE%29%20LCA%20and%20plotting.R,Error in library(Cairo): there is no package called ‘Cairo’,Cairo
doi:10.7910/DVN/P3HJGS,afd-fanpage-replication.R,Error in library(qdap): there is no package called ‘qdap’,qdap
doi:10.7910/DVN/SNCKJW,Replication_Code.R,Error in library(xlsx): there is no package called ‘xlsx’,xlsx
doi:10.7910/DVN/AJBJPM,DEP_clean_data.R,Error in FUN(X[[i]], ...): there is no package called ‘here’,here
doi:10.7910/DVN/AJBJPM,DEP_RUN_analysis_figure.R,Error in FUN(X[[i]], ...): there is no package called ‘here’,here
doi:10.7910/DVN/AJBJPM,DEP_RUN_random_peer.R,Error in FUN(X[[i]], ...): there is no package called ‘here’,here
doi:10.7910/DVN/7FYH0T,Replication_Script.R,Error in library("ZeligChoice"): there is no package called ‘ZeligChoice’,ZeligChoice
doi:10.7910/DVN/ACUDFD,kuehn_rohlfing_ejpr2016.R,Error in library(XLConnect): there is no package called ‘XLConnect’,XLConnect
doi:10.7910/DVN/XQY6CZ,krigePID.R,Error in library(geoR): there is no package called ‘geoR’,geoR
doi:10.7910/DVN/XQY6CZ,laTimeSpace.R,Error in library(geoR): there is no package called ‘geoR’,geoR
doi:10.7910/DVN/XQY6CZ,laTimeSpaceSLX.R,Error in library(geoR): there is no package called ‘geoR’,geoR
doi:10.7910/DVN/JOCRPU,PRQ-Replication.r,Error in library(cem): there is no package called ‘cem’,cem
doi:10.7910/DVN/PGQY2F,1.2_soteu_word_error_rate.R,Error in library(wersim): there is no package called ‘wersim’,wersim
doi:10.7910/DVN/PGQY2F,1.3_soteu_wordfish_sentiment.R,Error in library(austin): there is no package called ‘austin’,austin
doi:10.7910/DVN/PGQY2F,1.4_soteu_simulations.R,Error in library(austin): there is no package called ‘austin’,austin
doi:10.7910/DVN/PGQY2F,2.1_austria_corpus.R,Error in library(wersim): there is no package called ‘wersim’,wersim
doi:10.7910/DVN/PGQY2F,2.2_austria_datasets.R,Error in library(austin): there is no package called ‘austin’,austin
doi:10.7910/DVN/PGQY2F,2.4_austria_simulation.R,Error in library(wersim): there is no package called ‘wersim’,wersim
doi:10.7910/DVN/PGQY2F,3.2_mff_models.R,Error in library(austin): there is no package called ‘austin’,austin
doi:10.7910/DVN/PGQY2F,3.3_mff_simulation.R,Error in library(austin): there is no package called ‘austin’,austin
doi:10.7910/DVN/0VLPUK,replication%20code.R,Error in library("flexsurvreg"): there is no package called ‘flexsurvreg’,flexsurvreg
doi:10.7910/DVN/Q86FEQ,package_installation.R,Error in library(readme, lib.loc = "./"): there is no package called ‘readme’,./
doi:10.7910/DVN/MV8SWC,space_law_app2.R,Error in library(GERGM): there is no package called ‘GERGM’,GERGM
doi:10.7910/DVN/MV8SWC,space_opinion_app1.R,Error in library(quanteda.dictionaries): there is no package called ‘quanteda.dictionaries’,quanteda.dictionaries
doi:10.7910/DVN/O4BMLG,Appendix_Tables2-8.R,Error in library(MSBVAR): there is no package called ‘MSBVAR’,MSBVAR
doi:10.7910/DVN/NSRG8T,analysis_fig_2.R,Error in library(xlsx): there is no package called ‘xlsx’,xlsx
doi:10.7910/DVN/NSRG8T,fig1_analysis.R,Error in library(rJava): there is no package called ‘rJava’,rJava
doi:10.7910/DVN/NSRG8T,fig3_analysis.R,Error in library(xlsx): there is no package called ‘xlsx’,xlsx
doi:10.7910/DVN/NSRG8T,fig4_analysis.R,Error in library(xlsx): there is no package called ‘xlsx’,xlsx
doi:10.7910/DVN/XNXZGB,Matches_General.R,Error in library(mipmatch): there is no package called ‘mipmatch’,mipmatch
doi:10.7910/DVN/XNXZGB,Matches_Runoff.R,Error in library(mipmatch): there is no package called ‘mipmatch’,mipmatch
doi:10.7910/DVN/LZPEQT,baseModelReplication.r,Error in library(bartMachine): there is no package called ‘bartMachine’,bartMachine
doi:10.7910/DVN/BUN9DF,01-descriptives.R,Error in library(coefplot2): there is no package called ‘coefplot2’,coefplot2
doi:10.7910/DVN/BUN9DF,02-meta-analysis.R,Error in library(coefplot2): there is no package called ‘coefplot2’,coefplot2
doi:10.7910/DVN/BUN9DF,03-moderator-analyses.R,Error in library(coefplot2): there is no package called ‘coefplot2’,coefplot2
doi:10.7910/DVN/BUN9DF,04-sensitivity-checks.R,Error in library(coefplot2): there is no package called ‘coefplot2’,coefplot2
doi:10.7910/DVN/6KEXM7,appxC_figure_3.R,Error in library(xlsx): there is no package called ‘xlsx’,xlsx
doi:10.7910/DVN/6KEXM7,appxE_table_1.R,Error in library(xlsx): there is no package called ‘xlsx’,xlsx
doi:10.7910/DVN/6KEXM7,figure_3.R,Error in library(xlsx): there is no package called ‘xlsx’,xlsx
doi:10.7910/DVN/6KEXM7,figure2_appxC_E.R,Error in library(xlsx): there is no package called ‘xlsx’,xlsx
doi:10.7910/DVN/LGBXWX,analysis.R,Error in library(Cairo): there is no package called ‘Cairo’,Cairo
doi:10.7910/DVN/INVDWM,figure2_code.R,Error in library(xlsx): there is no package called ‘xlsx’,xlsx
doi:10.7910/DVN/SWTEAN,figure1.R,Error in library(ggthemr): there is no package called ‘ggthemr’,ggthemr
doi:10.7910/DVN/SWTEAN,figure2.R,Error in library(ggthemr): there is no package called ‘ggthemr’,ggthemr
doi:10.7910/DVN/SWTEAN,figure3.R,Error in library(ggthemr): there is no package called ‘ggthemr’,ggthemr
doi:10.7910/DVN/SWTEAN,figure4.R,Error in library(ggthemr): there is no package called ‘ggthemr’,ggthemr
doi:10.7910/DVN/OCI9KN,2_Replication_Code.R,Error in library(stargazer): there is no package called ‘stargazer’,stargazer
doi:10.7910/DVN/XOQSS9,TopicModelAnalysis.R,Error in library(ggnet): there is no package called ‘ggnet’,ggnet
doi:10.7910/DVN/YUSU8X,Concealing%20Disease_R%20code.R,Error in library(ZeligChoice): there is no package called ‘ZeligChoice’,ZeligChoice
doi:10.7910/DVN/CZYUJH,Simulations_revised1.R,Error in library(doMPI): there is no package called ‘doMPI’,doMPI
doi:10.7910/DVN/CZYUJH,Simulations_revised2.R,Error in library(doMPI): there is no package called ‘doMPI’,doMPI
doi:10.7910/DVN/CZYUJH,Simulations_revised2b.R,Error in library(doMPI): there is no package called ‘doMPI’,doMPI
doi:10.7910/DVN/CZYUJH,Simulations_revised3.R,Error in library(doMPI): there is no package called ‘doMPI’,doMPI
doi:10.7910/DVN/CZYUJH,Simulations_revised4.R,Error in library(doMPI): there is no package called ‘doMPI’,doMPI
doi:10.7910/DVN/MIB7AG,Bayes%20RKD.R,Error in library(BayesRKD): there is no package called ‘BayesRKD’,BayesRKD
doi:10.7910/DVN/XBBOHV,repcode_charmedlife.R,Error in library(ZeligChoice): there is no package called ‘ZeligChoice’,ZeligChoice
doi:10.7910/DVN/XBBOHV,repcode_charmedlifeNoMI.R,Error in library(ZeligChoice): there is no package called ‘ZeligChoice’,ZeligChoice
doi:10.7910/DVN/4QRUPR,Analysis_socialization.R,Error in library(SDMTools): there is no package called ‘SDMTools’,SDMTools
doi:10.7910/DVN/4QRUPR,Exchangeable_Analysis_socialization.R,Error in library(SDMTools): there is no package called ‘SDMTools’,SDMTools
doi:10.7910/DVN/RYNSDG,equivalence_replication_file.R,Error in library(Cairo): there is no package called ‘Cairo’,Cairo
doi:10.7910/DVN/JXOB6N,pol_replication.R,Error in library(rddtools): there is no package called ‘rddtools’,rddtools
doi:10.7910/DVN/1MGPNZ,program-1.R,Error in library(xlsxjars): there is no package called ‘xlsxjars’,xlsxjars
doi:10.7910/DVN/HD7UUU,4.%20publication_bias.R,Error in library(dmetar): there is no package called ‘dmetar’,dmetar
doi:10.7910/DVN/AOY452,replication.R,Error in library(cem): there is no package called ‘cem’,cem
doi:10.7910/DVN/YFQE9W,epperly_etal_lynching_perspectives_replication_file.R,Error in library(simcf): there is no package called ‘simcf’,simcf
doi:10.7910/DVN/FZI6NO,01_FigureA1_A2_UnionizationRate.R,Error in library(xlsx): there is no package called ‘xlsx’,xlsx
doi:10.7910/DVN/J3DGWA,replication_script_Reny_PRQ_2017.R,Error in library(simcf): there is no package called ‘simcf’,simcf
doi:10.7910/DVN/MR7YZK,ejpr-engaging.R,Error in library("firasans"): there is no package called ‘firasans’,firasans
doi:10.7910/DVN/MR7YZK,ejpr-fig-1.R,Error in library("firasans"): there is no package called ‘firasans’,firasans
doi:10.7910/DVN/FNZICT,IACtHRDataNoteReplicationCode.R,Error in library(x, character.only = TRUE): there is no package called ‘lme4’,__UNDEFINED__
doi:10.7910/DVN/JAOQSD,WooConradJOP18.R,Error in library(cem): there is no package called ‘cem’,cem
doi:10.7910/DVN/JAOQSD,WooConradJOP18%20Appendix%20Figure%202.R,Error in library(cem): there is no package called ‘cem’,cem
doi:10.7910/DVN/JAOQSD,WooConradJOP18%20Appendix%20Table1%20and%20Figure1.R,Error in library(cem): there is no package called ‘cem’,cem
doi:10.7910/DVN/JAOQSD,WooConradJOP18%20Appendix%20Table2to11.R,Error in library(cem): there is no package called ‘cem’,cem
doi:10.7910/DVN/4S2NIW,Disc%26PolBehav_ReplicationCode.R,Error in library(simcf): there is no package called ‘simcf’,simcf
doi:10.7910/DVN/MB9DL7,ENM_BRT_PNTDS.R,Error in library(xlsx): there is no package called ‘xlsx’,xlsx
doi:10.7910/DVN/HS9HW3,replication_appendix.R,Error in library(rowr): there is no package called ‘rowr’,rowr
doi:10.7910/DVN/HS9HW3,replication_final.R,Error in library(rowr): there is no package called ‘rowr’,rowr
doi:10.7910/DVN/JTEOFY,Interest%20representation%20in%20Belgium_PLC.R,Error in library("dyplr"): there is no package called ‘dyplr’,dyplr
doi:10.7910/DVN/O1DKBV,government_innovation.R,Error in library(xlsxjars): there is no package called ‘xlsxjars’,xlsxjars
doi:10.7910/DVN/X093TV,6.3%20ipe_master_merge_v4.R,Error in library(readstata13): there is no package called ‘readstata13’,readstata13
doi:10.7910/DVN/LLHLEW,mopf_plos.R,Error in library(commarobust): there is no package called ‘commarobust’,commarobust
doi:10.7910/DVN/AQB4MP,experimental_analysis_appendix.R,Error in library(commarobust): there is no package called ‘commarobust’,commarobust
doi:10.7910/DVN/AQB4MP,experimental_analysis_main_text.R,Error in library(attrition): there is no package called ‘attrition’,attrition
doi:10.7910/DVN/AQB4MP,simulation_analysis.R,Error in library(attrition): there is no package called ‘attrition’,attrition
doi:10.7910/DVN/6LTHVZ,replication_mergers.R,Error in library(ZeligMultilevel): there is no package called ‘ZeligMultilevel’,ZeligMultilevel
doi:10.7910/DVN/VGWNP9,noisty-retro_replication_figures_no-folders.R,Error in library(xlsx): there is no package called ‘xlsx’,xlsx
doi:10.7910/DVN/A3HBWB,FPA_RCODE.R,Error in library(ZeligChoice): there is no package called ‘ZeligChoice’,ZeligChoice
doi:10.7910/DVN/EEARKA,weights.R,Error in library(survey): there is no package called ‘survey’,survey
doi:10.7910/DVN/HL8HCA,code_maintext.R,Error in library("ZeligChoice"): there is no package called ‘ZeligChoice’,ZeligChoice
doi:10.7910/DVN/HL8HCA,code_supp.R,Error in library("ZeligChoice"): there is no package called ‘ZeligChoice’,ZeligChoice
doi:10.7910/DVN/RLEPZ5,1.ZHandKcal_core.R,Error in library("xlsx"): there is no package called ‘xlsx’,xlsx
doi:10.7910/DVN/RLEPZ5,1.ZHandKcal_robustness.R,Error in library("xlsx"): there is no package called ‘xlsx’,xlsx
doi:10.7910/DVN/RLEPZ5,10.ZHandMPI04_core.R,Error in library("xlsx"): there is no package called ‘xlsx’,xlsx
doi:10.7910/DVN/RLEPZ5,10.ZHandMPI04_robustness.R,Error in library("xlsx"): there is no package called ‘xlsx’,xlsx
doi:10.7910/DVN/RLEPZ5,11.BFandMPI04_core.R,Error in library("xlsx"): there is no package called ‘xlsx’,xlsx
doi:10.7910/DVN/RLEPZ5,11.BFandMPI04_robustness.R,Error in library("xlsx"): there is no package called ‘xlsx’,xlsx
doi:10.7910/DVN/RLEPZ5,12.PRONAFandMPI04_core.R,Error in library("xlsx"): there is no package called ‘xlsx’,xlsx
doi:10.7910/DVN/RLEPZ5,12.PRONAFandMPI04_robustness.R,Error in library("xlsx"): there is no package called ‘xlsx’,xlsx
doi:10.7910/DVN/RLEPZ5,13.ZHandChildMal_core.R,Error in library("xlsx"): there is no package called ‘xlsx’,xlsx
doi:10.7910/DVN/RLEPZ5,13.ZHandChildMal_robustness.R,Error in library("xlsx"): there is no package called ‘xlsx’,xlsx
doi:10.7910/DVN/RLEPZ5,14.BFandChildMal_core.R,Error in library("xlsx"): there is no package called ‘xlsx’,xlsx
doi:10.7910/DVN/RLEPZ5,14.BFandChildMal_robustness.R,Error in library("xlsx"): there is no package called ‘xlsx’,xlsx
doi:10.7910/DVN/RLEPZ5,15.PRONAFandChildMal_core.R,Error in library("xlsx"): there is no package called ‘xlsx’,xlsx
doi:10.7910/DVN/RLEPZ5,15.PRONAFandChildMal_robustness.R,Error in library("xlsx"): there is no package called ‘xlsx’,xlsx
doi:10.7910/DVN/RLEPZ5,16.ZHandInfMort00to10_core.R,Error in library("xlsx"): there is no package called ‘xlsx’,xlsx
doi:10.7910/DVN/RLEPZ5,16.ZHandInfMort00to10_robustness.R,Error in library("xlsx"): there is no package called ‘xlsx’,xlsx
doi:10.7910/DVN/RLEPZ5,17.BFandInfMort00to10_core.R,Error in library("xlsx"): there is no package called ‘xlsx’,xlsx
doi:10.7910/DVN/RLEPZ5,17.BFandInfMort00to10_robustness.R,Error in library("xlsx"): there is no package called ‘xlsx’,xlsx
doi:10.7910/DVN/RLEPZ5,18.PRONAFandInfMort00to10_core.R,Error in library("xlsx"): there is no package called ‘xlsx’,xlsx
doi:10.7910/DVN/RLEPZ5,18.PRONAFandInfMort00to10_robustness.R,Error in library("xlsx"): there is no package called ‘xlsx’,xlsx
doi:10.7910/DVN/RLEPZ5,19.ZHandInfMort04to13_core.R,Error in library("xlsx"): there is no package called ‘xlsx’,xlsx
doi:10.7910/DVN/RLEPZ5,19.ZHandInfMort04to13_robustness.R,Error in library("xlsx"): there is no package called ‘xlsx’,xlsx
doi:10.7910/DVN/RLEPZ5,2.BFandKcal_core.R,Error in library("xlsx"): there is no package called ‘xlsx’,xlsx
doi:10.7910/DVN/RLEPZ5,2.BFandKcal_robustness.R,Error in library("xlsx"): there is no package called ‘xlsx’,xlsx
doi:10.7910/DVN/RLEPZ5,20.BFandInfMort04to13_core.R,Error in library("xlsx"): there is no package called ‘xlsx’,xlsx
doi:10.7910/DVN/RLEPZ5,20.BFandInfMort04to13_robustness.R,Error in library("xlsx"): there is no package called ‘xlsx’,xlsx
doi:10.7910/DVN/RLEPZ5,21.PRONAFandInfMort04to13_core.R,Error in library("xlsx"): there is no package called ‘xlsx’,xlsx
doi:10.7910/DVN/RLEPZ5,21.PRONAFandInfMort04to13_robustness.R,Error in library("xlsx"): there is no package called ‘xlsx’,xlsx
doi:10.7910/DVN/RLEPZ5,22.ZHandNatVeg_core.R,Error in library("xlsx"): there is no package called ‘xlsx’,xlsx
doi:10.7910/DVN/RLEPZ5,22.ZHandNatVeg_robustness.R,Error in library("xlsx"): there is no package called ‘xlsx’,xlsx
doi:10.7910/DVN/RLEPZ5,23.BFandNatVeg_core.R,Error in library("xlsx"): there is no package called ‘xlsx’,xlsx
doi:10.7910/DVN/RLEPZ5,23.BFandNatVeg_robustness.R,Error in library("xlsx"): there is no package called ‘xlsx’,xlsx
doi:10.7910/DVN/RLEPZ5,24.PRONAFandNatVeg_core.R,Error in library("xlsx"): there is no package called ‘xlsx’,xlsx
doi:10.7910/DVN/RLEPZ5,24.PRONAFandNatVeg_robustness.R,Error in library("xlsx"): there is no package called ‘xlsx’,xlsx
doi:10.7910/DVN/RLEPZ5,25.BFandEducation00.R,Error in library("xlsx"): there is no package called ‘xlsx’,xlsx
doi:10.7910/DVN/RLEPZ5,25.BFandEducation04.R,Error in library("xlsx"): there is no package called ‘xlsx’,xlsx
doi:10.7910/DVN/RLEPZ5,3.PRONAFandKcal_core.R,Error in library("xlsx"): there is no package called ‘xlsx’,xlsx
doi:10.7910/DVN/RLEPZ5,3.PRONAFandKcal_robustness.R,Error in library("xlsx"): there is no package called ‘xlsx’,xlsx
doi:10.7910/DVN/RLEPZ5,4.ZHandProtein_core.R,Error in library("xlsx"): there is no package called ‘xlsx’,xlsx
doi:10.7910/DVN/RLEPZ5,4.ZHandProtein_robustness.R,Error in library("xlsx"): there is no package called ‘xlsx’,xlsx
doi:10.7910/DVN/RLEPZ5,5.BFandProtein_core.R,Error in library("xlsx"): there is no package called ‘xlsx’,xlsx
doi:10.7910/DVN/RLEPZ5,5.BFandProtein_robustness.R,Error in library("xlsx"): there is no package called ‘xlsx’,xlsx
doi:10.7910/DVN/RLEPZ5,6.PRONAFandProtein_core.R,Error in library("xlsx"): there is no package called ‘xlsx’,xlsx
doi:10.7910/DVN/RLEPZ5,6.PRONAFandProtein_robustness.R,Error in library("xlsx"): there is no package called ‘xlsx’,xlsx
doi:10.7910/DVN/RLEPZ5,7.ZHandMPI00to10_core.R,Error in library("xlsx"): there is no package called ‘xlsx’,xlsx
doi:10.7910/DVN/RLEPZ5,7.ZHandMPI00to10_robustness.R,Error in library("xlsx"): there is no package called ‘xlsx’,xlsx
doi:10.7910/DVN/RLEPZ5,8.BFandMPI00to10_core.R,Error in library("xlsx"): there is no package called ‘xlsx’,xlsx
doi:10.7910/DVN/RLEPZ5,8.BFandMPI00to10_robustness.R,Error in library("xlsx"): there is no package called ‘xlsx’,xlsx
doi:10.7910/DVN/RLEPZ5,9.PRONAFandMPI00to10_core.R,Error in library("xlsx"): there is no package called ‘xlsx’,xlsx
doi:10.7910/DVN/RLEPZ5,9.PRONAFandMPI00to10_robustness.R,Error in library("xlsx"): there is no package called ‘xlsx’,xlsx
doi:10.7910/DVN/RLEPZ5,ZH_CBGPSandRegression_core.R,Error in library("xlsx"): there is no package called ‘xlsx’,xlsx
doi:10.7910/DVN/RLEPZ5,ZH_CBGPSandRegression_robustness.R,Error in library("xlsx"): there is no package called ‘xlsx’,xlsx
doi:10.7910/DVN/RLEPZ5,ZH_RobustnessTests.R,Error in library("xlsx"): there is no package called ‘xlsx’,xlsx
doi:10.7910/DVN/FR4HOU,02_analysis.R,Error in library(cowplot): there is no package called ‘cowplot’,cowplot
doi:10.7910/DVN/5KDUTD,table3-01-HIX-merge-12112020.R,Error in library(xlsx): there is no package called ‘xlsx’,xlsx
doi:10.7910/DVN/TR9NAB,replication_code.R,Error in library(starpolishr): there is no package called ‘starpolishr’,starpolishr
doi:10.7910/DVN/D5CQA7,R%20Script%20Reliability%20and%20Item%20Analysis.R,Error in library(MiscPsycho): there is no package called ‘MiscPsycho’,MiscPsycho
doi:10.7910/DVN/26584,Original%20code%20for%20models%20reported%20in%20Tables%201%20and%203.R,Error in library(ZeligMultilevel): there is no package called ‘ZeligMultilevel’,ZeligMultilevel
doi:10.7910/DVN/P1UZGG,replication_code.R,Error in library(cacheSweave): there is no package called ‘cacheSweave’,cacheSweave
doi:10.7910/DVN/99OJBV,2-analysis.R,Error in library(Cairo): there is no package called ‘Cairo’,Cairo
doi:10.7910/DVN/99OJBV,3-figures-and-tables.R,Error in library(Cairo): there is no package called ‘Cairo’,Cairo
doi:10.7910/DVN/UZILPJ,prepare-data.R,Error in library(gpirt): there is no package called ‘gpirt’,gpirt
doi:10.7910/DVN/UBQYXT,process_figs_final.R,Error in library(commarobust): there is no package called ‘commarobust’,commarobust
doi:10.7910/DVN/DOHYPR,replication_reny_etal_2018_public.R,Error in library(simcf): there is no package called ‘simcf’,simcf
doi:10.7910/DVN/DIIQF7,Rcode_Fig2.R,Error in loadNamespace(name): there is no package called ‘sandwich’,sandwich
doi:10.7910/DVN/DIIQF7,Rcode_Fig3.R,Error in loadNamespace(name): there is no package called ‘sandwich’,sandwich
doi:10.7910/DVN/PYIFPF,code.R,Error in library(xlsx): there is no package called ‘xlsx’,xlsx
doi:10.7910/DVN/XO0FXY,Robustness_test_Limdespot.R,Error in library(QCAGUI): there is no package called ‘QCAGUI’,QCAGUI
doi:10.7910/DVN/XO0FXY,Robustness_test_YouthBulge.R,Error in library(QCAGUI): there is no package called ‘QCAGUI’,QCAGUI
doi:10.7910/DVN/YFLR9W,issueMeasuresCode.r,Error in library(RWeka): there is no package called ‘RWeka’,RWeka
doi:10.7910/DVN/MEIEIC,NU2019_Figures.R,Error in library(xlsx): there is no package called ‘xlsx’,xlsx
doi:10.7910/DVN/SR0NMB,Script%201%20-%20Estimate%20Case%20Specific%20Preferences.R,Error in library(eliot): there is no package called ‘eliot’,eliot
doi:10.7910/DVN/FUC2AH,plot_analyze.R,Error in library(goji): there is no package called ‘goji’,goji
doi:10.7910/DVN/L3NT6P,peyton_trust_apsr.R,Error in library(commarobust): there is no package called ‘commarobust’,commarobust
doi:10.7910/DVN/MPLQUI,Maps.R,Error in library(Cairo): there is no package called ‘Cairo’,Cairo
doi:10.7910/DVN/HXHL97,erc_popcli_master.R,Error in library(nFactor): there is no package called ‘nFactor’,nFactor
doi:10.7910/DVN/S17DDJ,Twitter-Replication.R,Error in FUN(X[[i]], ...): there is no package called ‘tm’,tm
doi:10.7910/DVN/SIPXCZ,draft_compare.R,Error in library(openNLP): there is no package called ‘openNLP’,openNLP
doi:10.7910/DVN/8ZT2ID,partycompetition_main_analysis.R,Error in library(p, character.only = TRUE): there is no package called ‘fiftystater’,__UNDEFINED__
doi:10.7910/DVN/VPIN2B,Code_S1_PTF_functions.R,Error in library(soiltexture): there is no package called ‘soiltexture’,soiltexture
doi:10.7910/DVN/PLVYXH,MRP_CCES2014.R,Error in library(mrp): there is no package called ‘mrp’,mrp
doi:10.7910/DVN/W2CXVU,gini.R,Error in library(xlsxjars): there is no package called ‘xlsxjars’,xlsxjars
doi:10.7910/DVN/29SA7P,experiment.R,Error in loadNamespace(name): there is no package called ‘officer’,officer
doi:10.7910/DVN/UN9JWF,1_cleandata.R,Error in library(lib, character.only = TRUE): there is no package called ‘sf’,__UNDEFINED__
doi:10.7910/DVN/UN9JWF,2_fittingmodels.R,Error in library(lib, character.only = TRUE): there is no package called ‘sf’,__UNDEFINED__
doi:10.7910/DVN/UN9JWF,3_figures_of_paper.R,Error in library(lib, character.only = TRUE): there is no package called ‘sf’,__UNDEFINED__
doi:10.7910/DVN/IJ4DDI,Figure_script_public.R,Error in library(UESIplots): there is no package called ‘UESIplots’,UESIplots
doi:10.7910/DVN/COYUWP,02_hybridmodel.R,Error in library(velox): there is no package called ‘velox’,velox
doi:10.7910/DVN/FSN6ZY,05_graph_net_benefit_figure_5.R,Error in library(Cairo): there is no package called ‘Cairo’,Cairo
doi:10.7910/DVN/N8B5BC,1_1.Analysis.R,Error in library(postregplots): there is no package called ‘postregplots’,postregplots
doi:10.7910/DVN/JRLYVN,6_Figures2_to_7.R,Error in library(xlsx): there is no package called ‘xlsx’,xlsx
doi:10.7910/DVN/JRLYVN,7_FiguresA1_to_A10.R,Error in library(xlsx): there is no package called ‘xlsx’,xlsx
doi:10.7910/DVN/MX5NIV,Benchmarking_Response_Code.R,Error in library(mnlresp): there is no package called ‘mnlresp’,mnlresp
doi:10.7910/DVN/UGKVTJ,PoP_Scripts.R,Error in library(KRMSBVAR): there is no package called ‘KRMSBVAR’,KRMSBVAR
doi:10.7910/DVN/N9RIKG,Teargas_Selfie_Cams_full_code_12182020.R,Error in library(logr): there is no package called ‘logr’,logr
doi:10.7910/DVN/XG6QQX,___analysis_crosssection.R,Error in library(ZeligMultilevel): there is no package called ‘ZeligMultilevel’,ZeligMultilevel
doi:10.7910/DVN/XN2TZL,JonesBrewer_ReplCode.R,Error in library(ZeligChoice): there is no package called ‘ZeligChoice’,ZeligChoice
doi:10.7910/DVN/E0LSH2,patent_govern.R,Error in library(xlsxjars): there is no package called ‘xlsxjars’,xlsxjars
doi:10.7910/DVN/PSWLYR,Peixoto%26etal_PB_GOTV_analysis.R,Error in library(mellonMisc): there is no package called ‘mellonMisc’,mellonMisc
doi:10.7910/DVN/CORRXG,WILAY-Final%20Code-1.R,Error in library(ZeligChoice): there is no package called ‘ZeligChoice’,ZeligChoice
doi:10.7910/DVN/TVLHQX,thesis_dataprocess.R,Error in library(QMSS): there is no package called ‘QMSS’,QMSS
doi:10.7910/DVN/TVLHQX,Thesis_R_code_Lanxiang_Li.R,Error in library(QMSS): there is no package called ‘QMSS’,QMSS
doi:10.7910/DVN/TTCTIY,analysis.R,Error in library("xergm"): there is no package called ‘xergm’,xergm
doi:10.7910/DVN/6CMBEI,Figures.R,Error in library(cem): there is no package called ‘cem’,cem
doi:10.7910/DVN/6CMBEI,Tables.R,Error in library(cem): there is no package called ‘cem’,cem
doi:10.7910/DVN/45GXK5,multi_figs_rep.R,Error in library(xergm): there is no package called ‘xergm’,xergm
doi:10.7910/DVN/45GXK5,multi_gof_rep.R,Error in library(xergm): there is no package called ‘xergm’,xergm
doi:10.7910/DVN/45GXK5,multi_me_rep.R,Error in library(MultilayerExtraction, quietly = TRUE): there is no package called ‘MultilayerExtraction’,MultilayerExtraction
doi:10.7910/DVN/45GXK5,multi_pc_data_prep_rep.R,Error in library(xergm): there is no package called ‘xergm’,xergm
doi:10.7910/DVN/45GXK5,multi_tergms_rep.R,Error in library(xergm): there is no package called ‘xergm’,xergm
doi:10.7910/DVN/WOED4N,0_Prepare_Data.R,Error in library(cshapes): there is no package called ‘cshapes’,cshapes
doi:10.7910/DVN/WOED4N,2_Figures_1-2.R,Error in library(lib, character.only = TRUE): there is no package called ‘rgeos’,__UNDEFINED__
doi:10.7910/DVN/WOED4N,3_Figures_3-7.R,Error in library(lib, character.only = TRUE): there is no package called ‘rgeos’,__UNDEFINED__
doi:10.7910/DVN/EEP5MT,abortion_application.R,Error in library(SDMTools): there is no package called ‘SDMTools’,SDMTools
doi:10.7910/DVN/SYCAOH,replication_Rscript.R,Error in library(ZeligMultilevel): there is no package called ‘ZeligMultilevel’,ZeligMultilevel
doi:10.7910/DVN/KH9N7W,compile_data.R,Error in library(xlsx): there is no package called ‘xlsx’,xlsx
doi:10.7910/DVN/UEOK3H,ACW_AJPS_analysis_code.R,Error in library(cem): there is no package called ‘cem’,cem
doi:10.7910/DVN/AIPWNU,iREDS_scale_figures_wcov.R,Error in library(BRugs): there is no package called ‘BRugs’,BRugs
doi:10.7910/DVN/AIPWNU,iREDS_scale_figures.R,Error in library(BRugs): there is no package called ‘BRugs’,BRugs
doi:10.7910/DVN/AIPWNU,iREDS%20setup.R,Error in library(BRugs): there is no package called ‘BRugs’,BRugs
doi:10.7910/DVN/AIPWNU,waic_tool.R,Error in library(BRugs): there is no package called ‘BRugs’,BRugs
doi:10.7910/DVN/VJLWTZ,replication.R,Error in library(xlsx): there is no package called ‘xlsx’,xlsx
doi:10.7910/DVN/RYHXMW,replication_script.R,Error in library(glmmADMB): there is no package called ‘glmmADMB’,glmmADMB
doi:10.7910/DVN/C3OKEJ,encyclicas.R,Error in library(austin): there is no package called ‘austin’,austin
doi:10.7910/DVN/DXDQV3,GM10.r,Error in library(SemiParBIVProbit): there is no package called ‘SemiParBIVProbit’,SemiParBIVProbit
doi:10.7910/DVN/DXDQV3,GM1minus0.85.r,Error in library(SemiParBIVProbit): there is no package called ‘SemiParBIVProbit’,SemiParBIVProbit
doi:10.7910/DVN/DXDQV3,GM1minus1.5.r,Error in library(SemiParBIVProbit): there is no package called ‘SemiParBIVProbit’,SemiParBIVProbit
doi:10.7910/DVN/DXDQV3,GM20.r,Error in library(SemiParBIVProbit): there is no package called ‘SemiParBIVProbit’,SemiParBIVProbit
doi:10.7910/DVN/DXDQV3,GM2minus0.85.r,Error in library(SemiParBIVProbit): there is no package called ‘SemiParBIVProbit’,SemiParBIVProbit
doi:10.7910/DVN/DXDQV3,GM2minus1.5.r,Error in library(SemiParBIVProbit): there is no package called ‘SemiParBIVProbit’,SemiParBIVProbit
doi:10.7910/DVN/DXDQV3,GM30.r,Error in library(SemiParBIVProbit): there is no package called ‘SemiParBIVProbit’,SemiParBIVProbit
doi:10.7910/DVN/DXDQV3,GM3minus0.85.r,Error in library(SemiParBIVProbit): there is no package called ‘SemiParBIVProbit’,SemiParBIVProbit
doi:10.7910/DVN/DXDQV3,GM3minus1.5.r,Error in library(SemiParBIVProbit): there is no package called ‘SemiParBIVProbit’,SemiParBIVProbit
doi:10.7910/DVN/DXDQV3,GM40.r,Error in library(SemiParBIVProbit): there is no package called ‘SemiParBIVProbit’,SemiParBIVProbit
doi:10.7910/DVN/DXDQV3,GM4minus0.85.r,Error in library(SemiParBIVProbit): there is no package called ‘SemiParBIVProbit’,SemiParBIVProbit
doi:10.7910/DVN/DXDQV3,GM4minus1.5.r,Error in library(SemiParBIVProbit): there is no package called ‘SemiParBIVProbit’,SemiParBIVProbit
doi:10.7910/DVN/DXDQV3,PA-flexible-CI-analysis.r,Error in library(SemiParBIVProbit): there is no package called ‘SemiParBIVProbit’,SemiParBIVProbit
doi:10.7910/DVN/DXDQV3,Simulations-master.r,Error in library(SemiParBIVProbit): there is no package called ‘SemiParBIVProbit’,SemiParBIVProbit
doi:10.7910/DVN/DXDQV3,Univariate-CopulaModels10.r,Error in library(SemiParBIVProbit): there is no package called ‘SemiParBIVProbit’,SemiParBIVProbit
doi:10.7910/DVN/DXDQV3,Univariate-CopulaModels1minus0.85.r,Error in library(SemiParBIVProbit): there is no package called ‘SemiParBIVProbit’,SemiParBIVProbit
doi:10.7910/DVN/DXDQV3,Univariate-CopulaModels1minus1.5.r,Error in library(SemiParBIVProbit): there is no package called ‘SemiParBIVProbit’,SemiParBIVProbit
doi:10.7910/DVN/DXDQV3,Univariate-CopulaModels20.r,Error in library(SemiParBIVProbit): there is no package called ‘SemiParBIVProbit’,SemiParBIVProbit
doi:10.7910/DVN/DXDQV3,Univariate-CopulaModels2minus0.85.r,Error in library(SemiParBIVProbit): there is no package called ‘SemiParBIVProbit’,SemiParBIVProbit
doi:10.7910/DVN/DXDQV3,Univariate-CopulaModels2minus1.5.r,Error in library(SemiParBIVProbit): there is no package called ‘SemiParBIVProbit’,SemiParBIVProbit
doi:10.7910/DVN/DXDQV3,Univariate-CopulaModels30.r,Error in library(SemiParBIVProbit): there is no package called ‘SemiParBIVProbit’,SemiParBIVProbit
doi:10.7910/DVN/DXDQV3,Univariate-CopulaModels3minus0.85.r,Error in library(SemiParBIVProbit): there is no package called ‘SemiParBIVProbit’,SemiParBIVProbit
doi:10.7910/DVN/DXDQV3,Univariate-CopulaModels3minus1.5.r,Error in library(SemiParBIVProbit): there is no package called ‘SemiParBIVProbit’,SemiParBIVProbit
doi:10.7910/DVN/DXDQV3,Univariate-CopulaModels40.r,Error in library(SemiParBIVProbit): there is no package called ‘SemiParBIVProbit’,SemiParBIVProbit
doi:10.7910/DVN/DXDQV3,Univariate-CopulaModels4minus0.85.r,Error in library(SemiParBIVProbit): there is no package called ‘SemiParBIVProbit’,SemiParBIVProbit
doi:10.7910/DVN/DXDQV3,Univariate-CopulaModels4minus1.5.r,Error in library(SemiParBIVProbit): there is no package called ‘SemiParBIVProbit’,SemiParBIVProbit
doi:10.7910/DVN/DNWDSR,durModels_nonEconSanctions.R,Error in library(lib, character.only = TRUE): there is no package called ‘OIsurv’,__UNDEFINED__
doi:10.7910/DVN/DNWDSR,durModels.R,Error in library(lib, character.only = TRUE): there is no package called ‘OIsurv’,__UNDEFINED__
doi:10.7910/DVN/DNWDSR,recipNet.R,Error in library(lib, character.only = TRUE): there is no package called ‘OIsurv’,__UNDEFINED__
doi:10.7910/DVN/DNWDSR,sancNet.R,Error in library(lib, character.only = TRUE): there is no package called ‘OIsurv’,__UNDEFINED__
doi:10.7910/DVN/SUS2KV,00-main-PortmannStojanovic.r,Error in FUN(X[[i]], ...): there is no package called ‘glmmADMB’,glmmADMB
doi:10.7910/DVN/PVPJWM,Consistent%20Bias%20Simulation.R,Error in library(rethinking): there is no package called ‘rethinking’,rethinking
doi:10.7910/DVN/PVPJWM,Empirically%20Parameterized%20Simulation.R,Error in library(rethinking): there is no package called ‘rethinking’,rethinking
doi:10.7910/DVN/RTJ02G,obamareplication.R,Error in library(ZeligChoice): there is no package called ‘ZeligChoice’,ZeligChoice
doi:10.7910/DVN/NGHM1Y,IP_Replication_Code.R,Error in library(lib, character.only = TRUE): there is no package called ‘spdep’,__UNDEFINED__
doi:10.7910/DVN/5UZF0X,figure1_knowledge_MS_2469.R,Error in library("poweRlaw", lib.loc = "~/R/win-library/3.2"): no library trees found in 'lib.loc',poweRlaw
doi:10.7910/DVN/5UZF0X,figure2_cities_MS_2469.R,Error in library("poweRlaw", lib.loc = "~/R/win-library/3.2"): no library trees found in 'lib.loc',poweRlaw
doi:10.7910/DVN/ZPDOYT,replication-code-domestic-pol-ndc-amb-v2.R,Error in library("xlsx"): there is no package called ‘xlsx’,xlsx
doi:10.7910/DVN/ZPDOYT,replication-code-domestic-pol-ndc-amb-v3.R,Error in library("xlsx"): there is no package called ‘xlsx’,xlsx
doi:10.7910/DVN/KKS1R0,ADW_positions_master.r,Error in library(austin): there is no package called ‘austin’,austin
doi:10.7910/DVN/JEWV64,Cordell_2020_PoliticalCosts.R,Error in library(cem): there is no package called ‘cem’,cem
doi:10.7910/DVN/CECD9V,figure4.R,Error in library(zeligverse): there is no package called ‘zeligverse’,zeligverse
doi:10.7910/DVN/9LWIDA,analysis_gallup_R%26P.R,Error in library(commarobust): there is no package called ‘commarobust’,commarobust
doi:10.7910/DVN/9LWIDA,analyze_kaiser_data.R,Error in library(simcf): there is no package called ‘simcf’,simcf
doi:10.7910/DVN/XZJRA2,replication_jankowski_prokop_tepe_jpart.R,Error in library(MatchingFrontier): there is no package called ‘MatchingFrontier’,MatchingFrontier
doi:10.7910/DVN/IM4UE3,DarkFutureReplicationDistribution-RCode.R,Error in library(sandwhich): there is no package called ‘sandwhich’,sandwhich
doi:10.7910/DVN/NGPLNC,Appendix%20Descriptive%20Time%20Plots%20-%20Figures%201%2C%205%2C%20and%206.R,Error in library(MSBVAR): there is no package called ‘MSBVAR’,MSBVAR
doi:10.7910/DVN/NGPLNC,Appendix%20Table%202%20and%203%20and%20Manuscript%20Figure%202.R,Error in library(obsval): there is no package called ‘obsval’,obsval
doi:10.7910/DVN/JLKTEE,KopralevaVink_EFAR2015_reanalysis%20csQCA%20fsQCA_script.R,Error in library("QCA", lib.loc = "/Library/Frameworks/R.framework/Versions/3.1/Resources/library"): no library trees found in 'lib.loc',QCA
doi:10.7910/DVN/OJVSY9,disagreement_plots.R,Error in library(BRugs): there is no package called ‘BRugs’,BRugs
doi:10.7910/DVN/BZ9Z2D,Figure2_vci.R,Error in library(cem): there is no package called ‘cem’,cem
doi:10.7910/DVN/BZ9Z2D,Figure2_wastedvotes_DD.R,Error in library(cem): there is no package called ‘cem’,cem
doi:10.7910/DVN/BZ9Z2D,Figure2_wastedvotes_TripleD.R,Error in library(cem): there is no package called ‘cem’,cem
doi:10.7910/DVN/BZ9Z2D,TableA1.R,Error in library(cem): there is no package called ‘cem’,cem
doi:10.7910/DVN/9NXGHP,functions.R,Error in library(memsic): there is no package called ‘memsic’,memsic
doi:10.7910/DVN/UAUEWV,Full%20replication%20file.R,Error in library(simcf): there is no package called ‘simcf’,simcf
doi:10.7910/DVN/YNDP93,functions.R,Error in library(SDMTools): there is no package called ‘SDMTools’,SDMTools
doi:10.7910/DVN/SVY5VF,Predict.EM1.Block.R,Error in library(doMPI): there is no package called ‘doMPI’,doMPI
doi:10.7910/DVN/SVY5VF,Predict.EM1.Precinct.R,Error in library(doMPI): there is no package called ‘doMPI’,doMPI
doi:10.7910/DVN/SVY5VF,Predict.EM2.Block.R,Error in library(doMPI): there is no package called ‘doMPI’,doMPI
doi:10.7910/DVN/SVY5VF,Predict.EM2.Precinct.R,Error in library(doMPI): there is no package called ‘doMPI’,doMPI
doi:10.7910/DVN/FF3DQM,ratios_delegation_constraint_COM.R,Error in library(foreign, ggplot2, dplyr): object 'dplyr' not found,foreign
doi:10.7910/DVN/FF3DQM,ratios_delegation_constraint_FINAL_MS.R,Error in library(foreign, ggplot2, dplyr): object 'dplyr' not found,foreign
doi:10.7910/DVN/BSYAK5,extension_new.R,Error in library(glmmADMB): there is no package called ‘glmmADMB’,glmmADMB
doi:10.7910/DVN/BSYAK5,Lasso_MI_code.R,Error in library(glmmADMB): there is no package called ‘glmmADMB’,glmmADMB
doi:10.7910/DVN/6IOACK,coalition_stability_bicameral_averages.R,Error in library(xlsx): there is no package called ‘xlsx’,xlsx
doi:10.7910/DVN/6IOACK,coalition_stability3.R,Error in library(xlsx): there is no package called ‘xlsx’,xlsx
doi:10.7910/DVN/EHGCOF,EnosHershReplication.r,Error in library(epicalc): there is no package called ‘epicalc’,epicalc
doi:10.7910/DVN/5P03UL,BPSR_Power_Rodrigues-Silveira.R,Error in library(vioplot): there is no package called ‘vioplot’,vioplot
doi:10.7910/DVN/UKOSTN,healthframing-topicmodels-10062017_final.R,Error in library("topicmodels"): there is no package called ‘topicmodels’,topicmodels
doi:10.7910/DVN/EUIGEO,JCCR%20Replication%20Code.R,Error in library(xlsx): there is no package called ‘xlsx’,xlsx
doi:10.7910/DVN/2JCJLX,analysis_lat%26ind.R,Error in library(simcf): there is no package called ‘simcf’,simcf
doi:10.7910/DVN/2JCJLX,analysis_RAW.R,Error in library(simcf): there is no package called ‘simcf’,simcf
doi:10.7910/DVN/2JCJLX,analysis.R,Error in library(simcf): there is no package called ‘simcf’,simcf
doi:10.7910/DVN/2JCJLX,counties_who_cut.R,Error in library(simcf): there is no package called ‘simcf’,simcf
doi:10.7910/DVN/2JCJLX,interpret_analysis_lat%26ind.R,Error in library(simcf): there is no package called ‘simcf’,simcf
doi:10.7910/DVN/2JCJLX,interpret_analysis_RAW.R,Error in library(simcf): there is no package called ‘simcf’,simcf
doi:10.7910/DVN/2JCJLX,interpret_analysis.R,Error in library(simcf): there is no package called ‘simcf’,simcf
doi:10.7910/DVN/2JCJLX,regression.R,Error in library(simcf): there is no package called ‘simcf’,simcf
doi:10.7910/DVN/2JCJLX,universal_test.R,Error in library(simcf): there is no package called ‘simcf’,simcf
